mV,distance_mm
0,0
1,0
2,0
3,0
4,0
5,0
6,0
7,0
8,0
9,0
10,0
11,0
12,0
13,0
14,0
15,0
16,0
17,0
18,0
19,0
20,0
21,0
22,0
23,0
24,0
25,0
26,0
27,0
28,0
29,0
30,0
31,0
32,0
33,0
34,0
35,0
36,0
37,0
38,0
39,0
40,0
41,0
42,0
43,0
44,0
45,0
46,0
47,0
48,0
49,0
50,0
51,0
52,0
53,0
54,0
55,0
56,0
57,0
58,0
59,0
60,0
61,0
62,0
63,0
64,0
65,0
66,0
67,0
68,0
69,0
70,0
71,0
72,0
73,0
74,0
75,0
76,0
77,0
78,0
79,0
80,0
81,0
82,0
83,0
84,0
85,0
86,0
87,0
88,0
89,0
90,0
91,0
92,0
93,0
94,0
95,0
96,0
97,0
98,0
99,0
100,0
101,0
102,0
103,0
104,0
105,0
106,0
107,0
108,0
109,0
110,0
111,0
112,0
113,0
114,0
115,0
116,0
117,0
118,0
119,0
120,0
121,0
122,0
123,0
124,0
125,0
126,0
127,0
128,0
129,0
130,0
131,0
132,0
133,0
134,0
135,0
136,0
137,0
138,0
139,0
140,0
141,0
142,0
143,0
144,0
145,0
146,0
147,0
148,0
149,0
150,0
151,0
152,0
153,0
154,0
155,0
156,0
157,0
158,0
159,0
160,0
161,0
162,0
163,0
164,0
165,0
166,0
167,0
168,0
169,0
170,0
171,0
172,0
173,0
174,0
175,0
176,0
177,0
178,0
179,0
180,0
181,0
182,0
183,0
184,0
185,0
186,0
187,0
188,0
189,0
190,0
191,0
192,0
193,0
194,0
195,0
196,0
197,0
198,0
199,0
200,0
201,0
202,0
203,0
204,0
205,0
206,0
207,0
208,0
209,0
210,0
211,0
212,0
213,0
214,0
215,0
216,0
217,0
218,0
219,0
220,0
221,0
222,0
223,0
224,0
225,0
226,0
227,0
228,0
229,0
230,0
231,0
232,0
233,0
234,0
235,0
236,0
237,0
238,0
239,0
240,0
241,0
242,0
243,0
244,0
245,0
246,0
247,0
248,0
249,0
250,0
251,0
252,0
253,0
254,0
255,0
256,0
257,0
258,0
259,0
260,0
261,0
262,0
263,0
264,0
265,0
266,0
267,0
268,0
269,0
270,0
271,0
272,0
273,0
274,0
275,0
276,0
277,0
278,0
279,0
280,0
281,0
282,0
283,0
284,0
285,0
286,0
287,0
288,0
289,0
290,0
291,0
292,0
293,0
294,0
295,0
296,0
297,0
298,0
299,0
300,0
301,0
302,0
303,0
304,0
305,0
306,0
307,0
308,0
309,0
310,0
311,0
312,0
313,0
314,0
315,0
316,0
317,0
318,0
319,0
320,0
321,0
322,0
323,0
324,0
325,0
326,0
327,0
328,0
329,0
330,0
331,0
332,0
333,0
334,0
335,0
336,0
337,0
338,0
339,0
340,0
341,0
342,0
343,0
344,0
345,0
346,0
347,0
348,0
349,0
350,0
351,0
352,0
353,0
354,0
355,0
356,0
357,0
358,0
359,0
360,0
361,0
362,0
363,0
364,0
365,0
366,0
367,0
368,0
369,0
370,0
371,0
372,0
373,0
374,0
375,0
376,0
377,0
378,0
379,0
380,0
381,0
382,0
383,0
384,0
385,0
386,0
387,0
388,0
389,0
390,0
391,0
392,0
393,0
394,0
395,0
396,0
397,0
398,0
399,0
400,0
401,0
402,0
403,0
404,0
405,0
406,0
407,0
408,0
409,0
410,0
411,0
412,0
413,0
414,0
415,0
416,0
417,0
418,0
419,0
420,0
421,0
422,0
423,0
424,0
425,0
426,0
427,0
428,0
429,0
430,0
431,0
432,0
433,0
434,0
435,0
436,0
437,0
438,0
439,0
440,0
441,0
442,0
443,0
444,0
445,0
446,0
447,0
448,0
449,0
450,0
451,0
452,0
453,0
454,0
455,0
456,0
457,0
458,0
459,0
460,0
461,0
462,1000
463,998
464,997
465,995
466,993
467,992
468,990
469,988
470,986
471,985
472,983
473,981
474,980
475,978
476,976
477,975
478,973
479,971
480,969
481,968
482,966
483,964
484,963
485,961
486,959
487,958
488,956
489,954
490,953
491,951
492,949
493,947
494,946
495,944
496,942
497,941
498,939
499,937
500,936
501,934
502,932
503,931
504,929
505,927
506,925
507,924
508,922
509,920
510,919
511,917
512,915
513,914
514,912
515,910
516,908
517,907
518,905
519,903
520,902
521,900
522,899
523,898
524,897
525,896
526,895
527,894
528,893
529,891
530,890
531,889
532,888
533,887
534,886
535,885
536,884
537,883
538,882
539,881
540,880
541,879
542,878
543,877
544,876
545,874
546,873
547,872
548,871
549,870
550,869
551,868
552,867
553,866
554,865
555,864
556,863
557,862
558,861
559,860
560,859
561,857
562,856
563,855
564,854
565,853
566,852
567,851
568,850
569,849
570,848
571,847
572,846
573,845
574,844
575,843
576,841
577,840
578,839
579,838
580,837
581,836
582,835
583,834
584,833
585,832
586,831
587,830
588,829
589,828
590,827
591,826
592,824
593,823
594,822
595,821
596,820
597,819
598,818
599,817
600,816
601,815
602,814
603,813
604,812
605,811
606,810
607,809
608,807
609,806
610,805
611,804
612,803
613,802
614,801
615,800
616,799
617,798
618,797
619,796
620,795
621,794
622,793
623,792
624,791
625,790
626,789
627,788
628,787
629,786
630,785
631,784
632,782
633,781
634,780
635,779
636,778
637,777
638,776
639,775
640,774
641,773
642,772
643,771
644,770
645,769
646,768
647,767
648,766
649,765
650,764
651,763
652,762
653,761
654,760
655,759
656,758
657,757
658,756
659,755
660,754
661,753
662,752
663,751
664,749
665,748
666,747
667,746
668,745
669,744
670,743
671,742
672,741
673,740
674,739
675,738
676,737
677,736
678,735
679,734
680,733
681,732
682,731
683,730
684,729
685,728
686,727
687,726
688,725
689,724
690,723
691,722
692,721
693,720
694,719
695,718
696,716
697,715
698,714
699,713
700,712
701,711
702,710
703,709
704,708
705,707
706,706
707,705
708,704
709,703
710,702
711,701
712,700
713,699
714,698
715,698
716,697
717,696
718,695
719,695
720,694
721,693
722,692
723,691
724,691
725,690
726,689
727,688
728,688
729,687
730,686
731,685
732,684
733,684
734,683
735,682
736,681
737,681
738,680
739,679
740,678
741,678
742,677
743,676
744,675
745,674
746,674
747,673
748,672
749,671
750,671
751,670
752,669
753,668
754,667
755,667
756,666
757,665
758,664
759,664
760,663
761,662
762,661
763,660
764,660
765,659
766,658
767,657
768,657
769,656
770,655
771,654
772,653
773,653
774,652
775,651
776,650
777,650
778,649
779,648
780,647
781,647
782,646
783,645
784,644
785,643
786,643
787,642
788,641
789,640
790,640
791,639
792,638
793,637
794,636
795,636
796,635
797,634
798,633
799,633
800,632
801,631
802,630
803,629
804,629
805,628
806,627
807,626
808,626
809,625
810,624
811,623
812,622
813,622
814,621
815,620
816,619
817,619
818,618
819,617
820,616
821,616
822,615
823,614
824,613
825,612
826,612
827,611
828,610
829,609
830,609
831,608
832,607
833,606
834,605
835,605
836,604
837,603
838,602
839,602
840,601
841,600
842,599
843,599
844,598
845,598
846,597
847,597
848,596
849,596
850,595
851,595
852,594
853,594
854,593
855,593
856,592
857,591
858,591
859,590
860,590
861,589
862,589
863,588
864,588
865,587
866,587
867,586
868,586
869,585
870,585
871,584
872,584
873,583
874,582
875,582
876,581
877,581
878,580
879,580
880,579
881,579
882,578
883,578
884,577
885,577
886,576
887,576
888,575
889,574
890,574
891,573
892,573
893,572
894,572
895,571
896,571
897,570
898,570
899,569
900,569
901,568
902,568
903,567
904,566
905,566
906,565
907,565
908,564
909,564
910,563
911,563
912,562
913,562
914,561
915,561
916,560
917,560
918,559
919,559
920,558
921,557
922,557
923,556
924,556
925,555
926,555
927,554
928,554
929,553
930,553
931,552
932,552
933,551
934,551
935,550
936,549
937,549
938,548
939,548
940,547
941,547
942,546
943,546
944,545
945,545
946,544
947,544
948,543
949,543
950,542
951,541
952,541
953,540
954,540
955,539
956,539
957,538
958,538
959,537
960,537
961,536
962,536
963,535
964,535
965,534
966,534
967,533
968,532
969,532
970,531
971,531
972,530
973,530
974,529
975,529
976,528
977,528
978,527
979,527
980,526
981,526
982,525
983,524
984,524
985,523
986,523
987,522
988,522
989,521
990,521
991,520
992,520
993,519
994,519
995,518
996,518
997,517
998,516
999,516
1000,515
1001,515
1002,514
1003,514
1004,513
1005,513
1006,512
1007,512
1008,511
1009,511
1010,510
1011,510
1012,509
1013,509
1014,508
1015,507
1016,507
1017,506
1018,506
1019,505
1020,505
1021,504
1022,504
1023,503
1024,503
1025,502
1026,502
1027,501
1028,501
1029,500
1030,500
1031,499
1032,499
1033,499
1034,498
1035,498
1036,497
1037,497
1038,497
1039,496
1040,496
1041,496
1042,495
1043,495
1044,494
1045,494
1046,494
1047,493
1048,493
1049,493
1050,492
1051,492
1052,491
1053,491
1054,491
1055,490
1056,490
1057,490
1058,489
1059,489
1060,489
1061,488
1062,488
1063,487
1064,487
1065,487
1066,486
1067,486
1068,486
1069,485
1070,485
1071,484
1072,484
1073,484
1074,483
1075,483
1076,483
1077,482
1078,482
1079,481
1080,481
1081,481
1082,480
1083,480
1084,480
1085,479
1086,479
1087,479
1088,478
1089,478
1090,477
1091,477
1092,477
1093,476
1094,476
1095,476
1096,475
1097,475
1098,474
1099,474
1100,474
1101,473
1102,473
1103,473
1104,472
1105,472
1106,471
1107,471
1108,471
1109,470
1110,470
1111,470
1112,469
1113,469
1114,469
1115,468
1116,468
1117,467
1118,467
1119,467
1120,466
1121,466
1122,466
1123,465
1124,465
1125,464
1126,464
1127,464
1128,463
1129,463
1130,463
1131,462
1132,462
1133,461
1134,461
1135,461
1136,460
1137,460
1138,460
1139,459
1140,459
1141,459
1142,458
1143,458
1144,457
1145,457
1146,457
1147,456
1148,456
1149,456
1150,455
1151,455
1152,454
1153,454
1154,454
1155,453
1156,453
1157,453
1158,452
1159,452
1160,451
1161,451
1162,451
1163,450
1164,450
1165,450
1166,449
1167,449
1168,449
1169,448
1170,448
1171,447
1172,447
1173,447
1174,446
1175,446
1176,446
1177,445
1178,445
1179,444
1180,444
1181,444
1182,443
1183,443
1184,443
1185,442
1186,442
1187,441
1188,441
1189,441
1190,440
1191,440
1192,440
1193,439
1194,439
1195,439
1196,438
1197,438
1198,437
1199,437
1200,437
1201,436
1202,436
1203,436
1204,435
1205,435
1206,434
1207,434
1208,434
1209,433
1210,433
1211,433
1212,432
1213,432
1214,431
1215,431
1216,431
1217,430
1218,430
1219,430
1220,429
1221,429
1222,429
1223,428
1224,428
1225,427
1226,427
1227,427
1228,426
1229,426
1230,426
1231,425
1232,425
1233,424
1234,424
1235,424
1236,423
1237,423
1238,423
1239,422
1240,422
1241,421
1242,421
1243,421
1244,420
1245,420
1246,420
1247,419
1248,419
1249,419
1250,418
1251,418
1252,417
1253,417
1254,417
1255,416
1256,416
1257,416
1258,415
1259,415
1260,414
1261,414
1262,414
1263,413
1264,413
1265,413
1266,412
1267,412
1268,411
1269,411
1270,411
1271,410
1272,410
1273,410
1274,409
1275,409
1276,409
1277,408
1278,408
1279,407
1280,407
1281,407
1282,406
1283,406
1284,406
1285,405
1286,405
1287,404
1288,404
1289,404
1290,403
1291,403
1292,403
1293,402
1294,402
1295,401
1296,401
1297,401
1298,400
1299,400
1300,400
1301,400
1302,399
1303,399
1304,399
1305,399
1306,398
1307,398
1308,398
1309,398
1310,398
1311,397
1312,397
1313,397
1314,397
1315,396
1316,396
1317,396
1318,396
1319,395
1320,395
1321,395
1322,395
1323,395
1324,394
1325,394
1326,394
1327,394
1328,393
1329,393
1330,393
1331,393
1332,393
1333,392
1334,392
1335,392
1336,392
1337,391
1338,391
1339,391
1340,391
1341,390
1342,390
1343,390
1344,390
1345,390
1346,389
1347,389
1348,389
1349,389
1350,388
1351,388
1352,388
1353,388
1354,388
1355,387
1356,387
1357,387
1358,387
1359,386
1360,386
1361,386
1362,386
1363,386
1364,385
1365,385
1366,385
1367,385
1368,384
1369,384
1370,384
1371,384
1372,383
1373,383
1374,383
1375,383
1376,383
1377,382
1378,382
1379,382
1380,382
1381,381
1382,381
1383,381
1384,381
1385,381
1386,380
1387,380
1388,380
1389,380
1390,379
1391,379
1392,379
1393,379
1394,379
1395,378
1396,378
1397,378
1398,378
1399,377
1400,377
1401,377
1402,377
1403,376
1404,376
1405,376
1406,376
1407,376
1408,375
1409,375
1410,375
1411,375
1412,374
1413,374
1414,374
1415,374
1416,374
1417,373
1418,373
1419,373
1420,373
1421,372
1422,372
1423,372
1424,372
1425,371
1426,371
1427,371
1428,371
1429,371
1430,370
1431,370
1432,370
1433,370
1434,369
1435,369
1436,369
1437,369
1438,369
1439,368
1440,368
1441,368
1442,368
1443,367
1444,367
1445,367
1446,367
1447,367
1448,366
1449,366
1450,366
1451,366
1452,365
1453,365
1454,365
1455,365
1456,364
1457,364
1458,364
1459,364
1460,364
1461,363
1462,363
1463,363
1464,363
1465,362
1466,362
1467,362
1468,362
1469,362
1470,361
1471,361
1472,361
1473,361
1474,360
1475,360
1476,360
1477,360
1478,360
1479,359
1480,359
1481,359
1482,359
1483,358
1484,358
1485,358
1486,358
1487,357
1488,357
1489,357
1490,357
1491,357
1492,356
1493,356
1494,356
1495,356
1496,355
1497,355
1498,355
1499,355
1500,355
1501,354
1502,354
1503,354
1504,354
1505,353
1506,353
1507,353
1508,353
1509,352
1510,352
1511,352
1512,352
1513,352
1514,351
1515,351
1516,351
1517,351
1518,350
1519,350
1520,350
1521,350
1522,350
1523,349
1524,349
1525,349
1526,349
1527,348
1528,348
1529,348
1530,348
1531,348
1532,347
1533,347
1534,347
1535,347
1536,346
1537,346
1538,346
1539,346
1540,345
1541,345
1542,345
1543,345
1544,345
1545,344
1546,344
1547,344
1548,344
1549,343
1550,343
1551,343
1552,343
1553,343
1554,342
1555,342
1556,342
1557,342
1558,341
1559,341
1560,341
1561,341
1562,340
1563,340
1564,340
1565,340
1566,340
1567,339
1568,339
1569,339
1570,339
1571,338
1572,338
1573,338
1574,338
1575,338
1576,337
1577,337
1578,337
1579,337
1580,336
1581,336
1582,336
1583,336
1584,336
1585,335
1586,335
1587,335
1588,335
1589,334
1590,334
1591,334
1592,334
1593,333
1594,333
1595,333
1596,333
1597,333
1598,332
1599,332
1600,332
1601,332
1602,331
1603,331
1604,331
1605,331
1606,331
1607,330
1608,330
1609,330
1610,330
1611,329
1612,329
1613,329
1614,329
1615,329
1616,328
1617,328
1618,328
1619,328
1620,327
1621,327
1622,327
1623,327
1624,326
1625,326
1626,326
1627,326
1628,326
1629,325
1630,325
1631,325
1632,325
1633,324
1634,324
1635,324
1636,324
1637,324
1638,323
1639,323
1640,323
1641,323
1642,322
1643,322
1644,322
1645,322
1646,321
1647,321
1648,321
1649,321
1650,321
1651,320
1652,320
1653,320
1654,320
1655,319
1656,319
1657,319
1658,319
1659,319
1660,318
1661,318
1662,318
1663,318
1664,317
1665,317
1666,317
1667,317
1668,317
1669,316
1670,316
1671,316
1672,316
1673,315
1674,315
1675,315
1676,315
1677,314
1678,314
1679,314
1680,314
1681,314
1682,313
1683,313
1684,313
1685,313
1686,312
1687,312
1688,312
1689,312
1690,312
1691,311
1692,311
1693,311
1694,311
1695,310
1696,310
1697,310
1698,310
1699,310
1700,309
1701,309
1702,309
1703,309
1704,308
1705,308
1706,308
1707,308
1708,307
1709,307
1710,307
1711,307
1712,307
1713,306
1714,306
1715,306
1716,306
1717,305
1718,305
1719,305
1720,305
1721,305
1722,304
1723,304
1724,304
1725,304
1726,303
1727,303
1728,303
1729,303
1730,302
1731,302
1732,302
1733,302
1734,302
1735,301
1736,301
1737,301
1738,301
1739,300
1740,300
1741,300
1742,300
1743,300
1744,299
1745,299
1746,299
1747,299
1748,299
1749,299
1750,298
1751,298
1752,298
1753,298
1754,298
1755,298
1756,297
1757,297
1758,297
1759,297
1760,297
1761,297
1762,296
1763,296
1764,296
1765,296
1766,296
1767,296
1768,295
1769,295
1770,295
1771,295
1772,295
1773,295
1774,294
1775,294
1776,294
1777,294
1778,294
1779,294
1780,293
1781,293
1782,293
1783,293
1784,293
1785,293
1786,292
1787,292
1788,292
1789,292
1790,292
1791,292
1792,291
1793,291
1794,291
1795,291
1796,291
1797,291
1798,290
1799,290
1800,290
1801,290
1802,290
1803,290
1804,289
1805,289
1806,289
1807,289
1808,289
1809,289
1810,288
1811,288
1812,288
1813,288
1814,288
1815,288
1816,287
1817,287
1818,287
1819,287
1820,287
1821,287
1822,286
1823,286
1824,286
1825,286
1826,286
1827,286
1828,285
1829,285
1830,285
1831,285
1832,285
1833,285
1834,284
1835,284
1836,284
1837,284
1838,284
1839,284
1840,283
1841,283
1842,283
1843,283
1844,283
1845,283
1846,282
1847,282
1848,282
1849,282
1850,282
1851,282
1852,281
1853,281
1854,281
1855,281
1856,281
1857,281
1858,280
1859,280
1860,280
1861,280
1862,280
1863,280
1864,279
1865,279
1866,279
1867,279
1868,279
1869,279
1870,278
1871,278
1872,278
1873,278
1874,278
1875,278
1876,277
1877,277
1878,277
1879,277
1880,277
1881,277
1882,276
1883,276
1884,276
1885,276
1886,276
1887,276
1888,275
1889,275
1890,275
1891,275
1892,275
1893,274
1894,274
1895,274
1896,274
1897,274
1898,274
1899,273
1900,273
1901,273
1902,273
1903,273
1904,273
1905,272
1906,272
1907,272
1908,272
1909,272
1910,272
1911,271
1912,271
1913,271
1914,271
1915,271
1916,271
1917,270
1918,270
1919,270
1920,270
1921,270
1922,270
1923,269
1924,269
1925,269
1926,269
1927,269
1928,269
1929,268
1930,268
1931,268
1932,268
1933,268
1934,268
1935,267
1936,267
1937,267
1938,267
1939,267
1940,267
1941,266
1942,266
1943,266
1944,266
1945,266
1946,266
1947,265
1948,265
1949,265
1950,265
1951,265
1952,265
1953,264
1954,264
1955,264
1956,264
1957,264
1958,264
1959,263
1960,263
1961,263
1962,263
1963,263
1964,263
1965,262
1966,262
1967,262
1968,262
1969,262
1970,262
1971,261
1972,261
1973,261
1974,261
1975,261
1976,261
1977,260
1978,260
1979,260
1980,260
1981,260
1982,260
1983,259
1984,259
1985,259
1986,259
1987,259
1988,259
1989,258
1990,258
1991,258
1992,258
1993,258
1994,258
1995,257
1996,257
1997,257
1998,257
1999,257
2000,257
2001,256
2002,256
2003,256
2004,256
2005,256
2006,256
2007,255
2008,255
2009,255
2010,255
2011,255
2012,255
2013,254
2014,254
2015,254
2016,254
2017,254
2018,254
2019,253
2020,253
2021,253
2022,253
2023,253
2024,253
2025,252
2026,252
2027,252
2028,252
2029,252
2030,252
2031,251
2032,251
2033,251
2034,251
2035,251
2036,251
2037,250
2038,250
2039,250
2040,250
2041,250
2042,249
2043,249
2044,249
2045,249
2046,249
2047,249
2048,248
2049,248
2050,248
2051,248
2052,248
2053,248
2054,247
2055,247
2056,247
2057,247
2058,247
2059,247
2060,246
2061,246
2062,246
2063,246
2064,246
2065,246
2066,245
2067,245
2068,245
2069,245
2070,245
2071,245
2072,244
2073,244
2074,244
2075,244
2076,244
2077,244
2078,243
2079,243
2080,243
2081,243
2082,243
2083,243
2084,242
2085,242
2086,242
2087,242
2088,242
2089,242
2090,241
2091,241
2092,241
2093,241
2094,241
2095,241
2096,240
2097,240
2098,240
2099,240
2100,240
2101,240
2102,239
2103,239
2104,239
2105,239
2106,239
2107,239
2108,238
2109,238
2110,238
2111,238
2112,238
2113,238
2114,237
2115,237
2116,237
2117,237
2118,237
2119,237
2120,236
2121,236
2122,236
2123,236
2124,236
2125,236
2126,235
2127,235
2128,235
2129,235
2130,235
2131,235
2132,234
2133,234
2134,234
2135,234
2136,234
2137,234
2138,233
2139,233
2140,233
2141,233
2142,233
2143,233
2144,232
2145,232
2146,232
2147,232
2148,232
2149,232
2150,231
2151,231
2152,231
2153,231
2154,231
2155,231
2156,230
2157,230
2158,230
2159,230
2160,230
2161,230
2162,229
2163,229
2164,229
2165,229
2166,229
2167,229
2168,228
2169,228
2170,228
2171,228
2172,228
2173,228
2174,227
2175,227
2176,227
2177,227
2178,227
2179,227
2180,226
2181,226
2182,226
2183,226
2184,226
2185,226
2186,225
2187,225
2188,225
2189,225
2190,225
2191,224
2192,224
2193,224
2194,224
2195,224
2196,224
2197,223
2198,223
2199,223
2200,223
2201,223
2202,223
2203,222
2204,222
2205,222
2206,222
2207,222
2208,222
2209,221
2210,221
2211,221
2212,221
2213,221
2214,221
2215,220
2216,220
2217,220
2218,220
2219,220
2220,220
2221,219
2222,219
2223,219
2224,219
2225,219
2226,219
2227,218
2228,218
2229,218
2230,218
2231,218
2232,218
2233,217
2234,217
2235,217
2236,217
2237,217
2238,217
2239,216
2240,216
2241,216
2242,216
2243,216
2244,216
2245,215
2246,215
2247,215
2248,215
2249,215
2250,215
2251,214
2252,214
2253,214
2254,214
2255,214
2256,214
2257,213
2258,213
2259,213
2260,213
2261,213
2262,213
2263,212
2264,212
2265,212
2266,212
2267,212
2268,212
2269,211
2270,211
2271,211
2272,211
2273,211
2274,211
2275,210
2276,210
2277,210
2278,210
2279,210
2280,210
2281,209
2282,209
2283,209
2284,209
2285,209
2286,209
2287,208
2288,208
2289,208
2290,208
2291,208
2292,208
2293,207
2294,207
2295,207
2296,207
2297,207
2298,207
2299,206
2300,206
2301,206
2302,206
2303,206
2304,206
2305,205
2306,205
2307,205
2308,205
2309,205
2310,205
2311,204
2312,204
2313,204
2314,204
2315,204
2316,204
2317,203
2318,203
2319,203
2320,203
2321,203
2322,203
2323,202
2324,202
2325,202
2326,202
2327,202
2328,202
2329,201
2330,201
2331,201
2332,201
2333,201
2334,201
2335,200
2336,200
2337,200
2338,200
2339,200
2340,199
2341,199
2342,199
2343,199
2344,199
2345,199
2346,198
2347,198
2348,198
2349,198
2350,198
2351,198
2352,197
2353,197
2354,197
2355,197
2356,197
2357,197
2358,196
2359,196
2360,196
2361,196
2362,196
2363,196
2364,195
2365,195
2366,195
2367,195
2368,195
2369,195
2370,194
2371,194
2372,194
2373,194
2374,194
2375,194
2376,193
2377,193
2378,193
2379,193
2380,193
2381,193
2382,192
2383,192
2384,192
2385,192
2386,192
2387,192
2388,191
2389,191
2390,191
2391,191
2392,191
2393,191
2394,190
2395,190
2396,190
2397,190
2398,190
2399,190
2400,189
2401,189
2402,189
2403,189
2404,189
2405,189
2406,188
2407,188
2408,188
2409,188
2410,188
2411,188
2412,187
2413,187
2414,187
2415,187
2416,187
2417,187
2418,186
2419,186
2420,186
2421,186
2422,186
2423,186
2424,185
2425,185
2426,185
2427,185
2428,185
2429,185
2430,184
2431,184
2432,184
2433,184
2434,184
2435,184
2436,183
2437,183
2438,183
2439,183
2440,183
2441,183
2442,182
2443,182
2444,182
2445,182
2446,182
2447,182
2448,181
2449,181
2450,181
2451,181
2452,181
2453,181
2454,180
2455,180
2456,180
2457,180
2458,180
2459,180
2460,179
2461,179
2462,179
2463,179
2464,179
2465,179
2466,178
2467,178
2468,178
2469,178
2470,178
2471,178
2472,177
2473,177
2474,177
2475,177
2476,177
2477,177
2478,176
2479,176
2480,176
2481,176
2482,176
2483,176
2484,175
2485,175
2486,175
2487,175
2488,0
2489,0
2490,0
2491,0
2492,0
2493,0
2494,0
2495,0
2496,0
2497,0
2498,0
2499,0
2500,0
2501,0
2502,0
2503,0
2504,0
2505,0
2506,0
2507,0
2508,0
2509,0
2510,0
2511,0
2512,0
2513,0
2514,0
2515,0
2516,0
2517,0
2518,0
2519,0
2520,0
2521,0
2522,0
2523,0
2524,0
2525,0
2526,0
2527,0
2528,0
2529,0
2530,0
2531,0
2532,0
2533,0
2534,0
2535,0
2536,0
2537,0
2538,0
2539,0
2540,0
2541,0
2542,0
2543,0
2544,0
2545,0
2546,0
2547,0
2548,0
2549,0
2550,0
2551,0
2552,0
2553,0
2554,0
2555,0
2556,0
2557,0
2558,0
2559,0
2560,0
2561,0
2562,0
2563,0
2564,0
2565,0
2566,0
2567,0
2568,0
2569,0
2570,0
2571,0
2572,0
2573,0
2574,0
2575,0
2576,0
2577,0
2578,0
2579,0
2580,0
2581,0
2582,0
2583,0
2584,0
2585,0
2586,0
2587,0
2588,0
2589,0
2590,0
2591,0
2592,0
2593,0
2594,0
2595,0
2596,0
2597,0
2598,0
2599,0
2600,0
2601,0
2602,0
2603,0
2604,0
2605,0
2606,0
2607,0
2608,0
2609,0
2610,0
2611,0
2612,0
2613,0
2614,0
2615,0
2616,0
2617,0
2618,0
2619,0
2620,0
2621,0
2622,0
2623,0
2624,0
2625,0
2626,0
2627,0
2628,0
2629,0
2630,0
2631,0
2632,0
2633,0
2634,0
2635,0
2636,0
2637,0
2638,0
2639,0
2640,0
2641,0
2642,0
2643,0
2644,0
2645,0
2646,0
2647,0
2648,0
2649,0
2650,0
2651,0
2652,0
2653,0
2654,0
2655,0
2656,0
2657,0
2658,0
2659,0
2660,0
2661,0
2662,0
2663,0
2664,0
2665,0
2666,0
2667,0
2668,0
2669,0
2670,0
2671,0
2672,0
2673,0
2674,0
2675,0
2676,0
2677,0
2678,0
2679,0
2680,0
2681,0
2682,0
2683,0
2684,0
2685,0
2686,0
2687,0
2688,0
2689,0
2690,0
2691,0
2692,0
2693,0
2694,0
2695,0
2696,0
2697,0
2698,0
2699,0
2700,0
2701,0
2702,0
2703,0
2704,0
2705,0
2706,0
2707,0
2708,0
2709,0
2710,0
2711,0
2712,0
2713,0
2714,0
2715,0
2716,0
2717,0
2718,0
2719,0
2720,0
2721,0
2722,0
2723,0
2724,0
2725,0
2726,0
2727,0
2728,0
2729,0
2730,0
2731,0
2732,0
2733,0
2734,0
2735,0
2736,0
2737,0
2738,0
2739,0
2740,0
2741,0
2742,0
2743,0
2744,0
2745,0
2746,0
2747,0
2748,0
2749,0
2750,0
2751,0
2752,0
2753,0
2754,0
2755,0
2756,0
2757,0
2758,0
2759,0
2760,0
2761,0
2762,0
2763,0
2764,0
2765,0
2766,0
2767,0
2768,0
2769,0
2770,0
2771,0
2772,0
2773,0
2774,0
2775,0
2776,0
2777,0
2778,0
2779,0
2780,0
2781,0
2782,0
2783,0
2784,0
2785,0
2786,0
2787,0
2788,0
2789,0
2790,0
2791,0
2792,0
2793,0
2794,0
2795,0
2796,0
2797,0
2798,0
2799,0
2800,0
2801,0
2802,0
2803,0
2804,0
2805,0
2806,0
2807,0
2808,0
2809,0
2810,0
2811,0
2812,0
2813,0
2814,0
2815,0
2816,0
2817,0
2818,0
2819,0
2820,0
2821,0
2822,0
2823,0
2824,0
2825,0
2826,0
2827,0
2828,0
2829,0
2830,0
2831,0
2832,0
2833,0
2834,0
2835,0
2836,0
2837,0
2838,0
2839,0
2840,0
2841,0
2842,0
2843,0
2844,0
2845,0
2846,0
2847,0
2848,0
2849,0
2850,0
2851,0
2852,0
2853,0
2854,0
2855,0
2856,0
2857,0
2858,0
2859,0
2860,0
2861,0
2862,0
2863,0
2864,0
2865,0
2866,0
2867,0
2868,0
2869,0
2870,0
2871,0
2872,0
2873,0
2874,0
2875,0
2876,0
2877,0
2878,0
2879,0
2880,0
2881,0
2882,0
2883,0
2884,0
2885,0
2886,0
2887,0
2888,0
2889,0
2890,0
2891,0
2892,0
2893,0
2894,0
2895,0
2896,0
2897,0
2898,0
2899,0
2900,0
2901,0
2902,0
2903,0
2904,0
2905,0
2906,0
2907,0
2908,0
2909,0
2910,0
2911,0
2912,0
2913,0
2914,0
2915,0
2916,0
2917,0
2918,0
2919,0
2920,0
2921,0
2922,0
2923,0
2924,0
2925,0
2926,0
2927,0
2928,0
2929,0
2930,0
2931,0
2932,0
2933,0
2934,0
2935,0
2936,0
2937,0
2938,0
2939,0
2940,0
2941,0
2942,0
2943,0
2944,0
2945,0
2946,0
2947,0
2948,0
2949,0
2950,0
2951,0
2952,0
2953,0
2954,0
2955,0
2956,0
2957,0
2958,0
2959,0
2960,0
2961,0
2962,0
2963,0
2964,0
2965,0
2966,0
2967,0
2968,0
2969,0
2970,0
2971,0
2972,0
2973,0
2974,0
2975,0
2976,0
2977,0
2978,0
2979,0
2980,0
2981,0
2982,0
2983,0
2984,0
2985,0
2986,0
2987,0
2988,0
2989,0
2990,0
2991,0
2992,0
2993,0
2994,0
2995,0
2996,0
2997,0
2998,0
2999,0
3000,0
