mV,distance_mm
0,0
1,0
2,0
3,0
4,0
5,0
6,0
7,0
8,0
9,0
10,0
11,0
12,0
13,0
14,0
15,0
16,0
17,0
18,0
19,0
20,0
21,0
22,0
23,0
24,0
25,0
26,0
27,0
28,0
29,0
30,0
31,0
32,0
33,0
34,0
35,0
36,0
37,0
38,0
39,0
40,0
41,0
42,0
43,0
44,0
45,0
46,0
47,0
48,0
49,0
50,0
51,0
52,0
53,0
54,0
55,0
56,0
57,0
58,0
59,0
60,0
61,0
62,0
63,0
64,0
65,0
66,0
67,0
68,0
69,0
70,0
71,0
72,0
73,0
74,0
75,0
76,0
77,0
78,0
79,0
80,0
81,0
82,0
83,0
84,0
85,0
86,0
87,0
88,0
89,0
90,0
91,0
92,0
93,0
94,0
95,0
96,0
97,0
98,0
99,0
100,0
101,0
102,0
103,0
104,0
105,0
106,0
107,0
108,0
109,0
110,0
111,0
112,0
113,0
114,0
115,0
116,0
117,0
118,0
119,0
120,0
121,0
122,0
123,0
124,0
125,0
126,0
127,0
128,0
129,0
130,0
131,0
132,0
133,0
134,0
135,0
136,0
137,0
138,0
139,0
140,0
141,0
142,0
143,0
144,0
145,0
146,0
147,0
148,0
149,0
150,0
151,0
152,0
153,0
154,0
155,0
156,0
157,0
158,0
159,0
160,0
161,0
162,0
163,0
164,0
165,0
166,0
167,0
168,0
169,0
170,0
171,0
172,0
173,0
174,0
175,0
176,0
177,0
178,0
179,0
180,0
181,0
182,0
183,0
184,0
185,0
186,0
187,0
188,0
189,0
190,0
191,0
192,0
193,0
194,0
195,0
196,0
197,0
198,0
199,0
200,0
201,0
202,0
203,0
204,0
205,0
206,0
207,0
208,0
209,0
210,0
211,0
212,0
213,0
214,0
215,0
216,0
217,0
218,0
219,0
220,0
221,0
222,0
223,0
224,0
225,0
226,0
227,0
228,0
229,0
230,0
231,0
232,0
233,0
234,0
235,0
236,0
237,0
238,0
239,0
240,0
241,0
242,0
243,0
244,0
245,0
246,0
247,0
248,0
249,0
250,0
251,0
252,0
253,0
254,0
255,0
256,0
257,0
258,0
259,0
260,0
261,0
262,0
263,0
264,0
265,0
266,0
267,0
268,0
269,0
270,0
271,0
272,0
273,0
274,0
275,0
276,0
277,0
278,0
279,0
280,0
281,0
282,0
283,0
284,0
285,0
286,0
287,0
288,0
289,0
290,0
291,0
292,0
293,0
294,0
295,0
296,0
297,0
298,0
299,0
300,0
301,0
302,0
303,0
304,0
305,0
306,0
307,0
308,0
309,0
310,0
311,0
312,0
313,0
314,0
315,0
316,0
317,0
318,0
319,0
320,0
321,0
322,0
323,0
324,0
325,0
326,0
327,0
328,0
329,0
330,0
331,0
332,0
333,0
334,0
335,0
336,0
337,0
338,0
339,0
340,0
341,0
342,0
343,0
344,0
345,0
346,0
347,0
348,0
349,0
350,0
351,0
352,0
353,0
354,0
355,0
356,0
357,0
358,0
359,0
360,0
361,0
362,0
363,0
364,0
365,0
366,0
367,0
368,0
369,0
370,0
371,0
372,0
373,0
374,0
375,0
376,0
377,0
378,0
379,0
380,0
381,0
382,0
383,0
384,0
385,0
386,0
387,0
388,0
389,0
390,0
391,0
392,0
393,0
394,0
395,0
396,0
397,0
398,0
399,0
400,0
401,0
402,0
403,0
404,0
405,0
406,0
407,0
408,0
409,0
410,0
411,0
412,0
413,0
414,0
415,0
416,0
417,0
418,0
419,0
420,0
421,0
422,0
423,0
424,0
425,0
426,0
427,0
428,0
429,0
430,0
431,0
432,0
433,0
434,0
435,0
436,0
437,0
438,0
439,0
440,0
441,0
442,0
443,0
444,0
445,0
446,0
447,0
448,0
449,0
450,0
451,0
452,0
453,0
454,0
455,0
456,0
457,0
458,0
459,0
460,0
461,0
462,0
463,0
464,0
465,0
466,0
467,0
468,0
469,0
470,0
471,0
472,0
473,0
474,0
475,0
476,0
477,0
478,0
479,0
480,0
481,0
482,0
483,0
484,0
485,0
486,0
487,0
488,0
489,0
490,0
491,0
492,0
493,0
494,0
495,0
496,0
497,0
498,0
499,0
500,0
501,0
502,0
503,0
504,0
505,0
506,0
507,0
508,0
509,0
510,0
511,0
512,0
513,0
514,0
515,0
516,0
517,0
518,0
519,0
520,0
521,0
522,0
523,0
524,0
525,0
526,0
527,0
528,0
529,0
530,0
531,0
532,0
533,0
534,0
535,0
536,0
537,0
538,0
539,0
540,0
541,0
542,0
543,0
544,0
545,0
546,0
547,0
548,0
549,0
550,0
551,0
552,0
553,0
554,0
555,0
556,0
557,0
558,0
559,0
560,0
561,0
562,0
563,0
564,0
565,0
566,0
567,0
568,0
569,0
570,0
571,0
572,0
573,0
574,0
575,0
576,0
577,0
578,0
579,0
580,0
581,0
582,0
583,0
584,0
585,0
586,0
587,0
588,0
589,0
590,0
591,0
592,0
593,0
594,0
595,0
596,0
597,0
598,0
599,0
600,0
601,0
602,0
603,0
604,0
605,0
606,0
607,0
608,0
609,0
610,0
611,0
612,0
613,0
614,0
615,0
616,0
617,0
618,0
619,0
620,0
621,0
622,0
623,0
624,0
625,0
626,0
627,0
628,0
629,0
630,0
631,0
632,0
633,0
634,0
635,0
636,0
637,0
638,0
639,0
640,0
641,0
642,0
643,900
644,898
645,897
646,895
647,893
648,892
649,890
650,888
651,887
652,885
653,883
654,882
655,880
656,878
657,877
658,875
659,873
660,872
661,870
662,868
663,867
664,865
665,863
666,862
667,860
668,858
669,857
670,855
671,853
672,852
673,850
674,848
675,847
676,845
677,843
678,842
679,840
680,838
681,837
682,835
683,833
684,832
685,830
686,828
687,827
688,825
689,823
690,822
691,820
692,818
693,817
694,815
695,813
696,812
697,810
698,808
699,807
700,805
701,803
702,802
703,800
704,799
705,798
706,797
707,796
708,795
709,794
710,793
711,792
712,791
713,790
714,789
715,788
716,788
717,787
718,786
719,785
720,784
721,783
722,782
723,781
724,780
725,779
726,778
727,777
728,776
729,775
730,774
731,773
732,772
733,771
734,770
735,769
736,768
737,767
738,766
739,765
740,764
741,763
742,762
743,762
744,761
745,760
746,759
747,758
748,757
749,756
750,755
751,754
752,753
753,752
754,751
755,750
756,749
757,748
758,747
759,746
760,745
761,744
762,743
763,742
764,741
765,740
766,739
767,738
768,738
769,737
770,736
771,735
772,734
773,733
774,732
775,731
776,730
777,729
778,728
779,727
780,726
781,725
782,724
783,723
784,722
785,721
786,720
787,719
788,718
789,717
790,716
791,715
792,714
793,713
794,712
795,712
796,711
797,710
798,709
799,708
800,707
801,706
802,705
803,704
804,703
805,702
806,701
807,700
808,700
809,699
810,699
811,698
812,698
813,698
814,697
815,697
816,697
817,696
818,696
819,695
820,695
821,695
822,694
823,694
824,694
825,693
826,693
827,692
828,692
829,692
830,691
831,691
832,690
833,690
834,690
835,689
836,689
837,689
838,688
839,688
840,687
841,687
842,687
843,686
844,686
845,686
846,685
847,685
848,684
849,684
850,684
851,683
852,683
853,683
854,682
855,682
856,681
857,681
858,681
859,680
860,680
861,679
862,679
863,679
864,678
865,678
866,678
867,677
868,677
869,676
870,676
871,676
872,675
873,675
874,675
875,674
876,674
877,673
878,673
879,673
880,672
881,672
882,671
883,671
884,671
885,670
886,670
887,670
888,669
889,669
890,668
891,668
892,668
893,667
894,667
895,667
896,666
897,666
898,665
899,665
900,665
901,664
902,664
903,663
904,663
905,663
906,662
907,662
908,662
909,661
910,661
911,660
912,660
913,660
914,659
915,659
916,659
917,658
918,658
919,657
920,657
921,657
922,656
923,656
924,656
925,655
926,655
927,654
928,654
929,654
930,653
931,653
932,652
933,652
934,652
935,651
936,651
937,651
938,650
939,650
940,649
941,649
942,649
943,648
944,648
945,648
946,647
947,647
948,646
949,646
950,646
951,645
952,645
953,644
954,644
955,644
956,643
957,643
958,643
959,642
960,642
961,641
962,641
963,641
964,640
965,640
966,640
967,639
968,639
969,638
970,638
971,638
972,637
973,637
974,637
975,636
976,636
977,635
978,635
979,635
980,634
981,634
982,633
983,633
984,633
985,632
986,632
987,632
988,631
989,631
990,630
991,630
992,630
993,629
994,629
995,629
996,628
997,628
998,627
999,627
1000,627
1001,626
1002,626
1003,625
1004,625
1005,625
1006,624
1007,624
1008,624
1009,623
1010,623
1011,622
1012,622
1013,622
1014,621
1015,621
1016,621
1017,620
1018,620
1019,619
1020,619
1021,619
1022,618
1023,618
1024,617
1025,617
1026,617
1027,616
1028,616
1029,616
1030,615
1031,615
1032,614
1033,614
1034,614
1035,613
1036,613
1037,613
1038,612
1039,612
1040,611
1041,611
1042,611
1043,610
1044,610
1045,610
1046,609
1047,609
1048,608
1049,608
1050,608
1051,607
1052,607
1053,606
1054,606
1055,606
1056,605
1057,605
1058,605
1059,604
1060,604
1061,603
1062,603
1063,603
1064,602
1065,602
1066,602
1067,601
1068,601
1069,600
1070,600
1071,599
1072,599
1073,598
1074,598
1075,597
1076,597
1077,596
1078,595
1079,595
1080,594
1081,594
1082,593
1083,592
1084,592
1085,591
1086,591
1087,590
1088,590
1089,589
1090,588
1091,588
1092,587
1093,587
1094,586
1095,585
1096,585
1097,584
1098,584
1099,583
1100,583
1101,582
1102,581
1103,581
1104,580
1105,580
1106,579
1107,578
1108,578
1109,577
1110,577
1111,576
1112,576
1113,575
1114,574
1115,574
1116,573
1117,573
1118,572
1119,572
1120,571
1121,570
1122,570
1123,569
1124,569
1125,568
1126,567
1127,567
1128,566
1129,566
1130,565
1131,565
1132,564
1133,563
1134,563
1135,562
1136,562
1137,561
1138,560
1139,560
1140,559
1141,559
1142,558
1143,558
1144,557
1145,556
1146,556
1147,555
1148,555
1149,554
1150,553
1151,553
1152,552
1153,552
1154,551
1155,551
1156,550
1157,549
1158,549
1159,548
1160,548
1161,547
1162,547
1163,546
1164,545
1165,545
1166,544
1167,544
1168,543
1169,542
1170,542
1171,541
1172,541
1173,540
1174,540
1175,539
1176,538
1177,538
1178,537
1179,537
1180,536
1181,535
1182,535
1183,534
1184,534
1185,533
1186,533
1187,532
1188,531
1189,531
1190,530
1191,530
1192,529
1193,528
1194,528
1195,527
1196,527
1197,526
1198,526
1199,525
1200,524
1201,524
1202,523
1203,523
1204,522
1205,522
1206,521
1207,520
1208,520
1209,519
1210,519
1211,518
1212,517
1213,517
1214,516
1215,516
1216,515
1217,515
1218,514
1219,513
1220,513
1221,512
1222,512
1223,511
1224,510
1225,510
1226,509
1227,509
1228,508
1229,508
1230,507
1231,506
1232,506
1233,505
1234,505
1235,504
1236,503
1237,503
1238,502
1239,502
1240,501
1241,501
1242,500
1243,498
1244,497
1245,495
1246,494
1247,492
1248,491
1249,489
1250,488
1251,486
1252,484
1253,483
1254,481
1255,480
1256,478
1257,477
1258,475
1259,473
1260,472
1261,470
1262,469
1263,467
1264,466
1265,464
1266,462
1267,461
1268,459
1269,458
1270,456
1271,455
1272,453
1273,452
1274,450
1275,448
1276,447
1277,445
1278,444
1279,442
1280,441
1281,439
1282,438
1283,436
1284,434
1285,433
1286,431
1287,430
1288,428
1289,427
1290,425
1291,423
1292,422
1293,420
1294,419
1295,417
1296,416
1297,414
1298,412
1299,411
1300,409
1301,408
1302,406
1303,405
1304,403
1305,402
1306,400
1307,400
1308,400
1309,399
1310,399
1311,399
1312,399
1313,398
1314,398
1315,398
1316,398
1317,397
1318,397
1319,397
1320,397
1321,396
1322,396
1323,396
1324,396
1325,395
1326,395
1327,395
1328,395
1329,395
1330,394
1331,394
1332,394
1333,394
1334,393
1335,393
1336,393
1337,393
1338,392
1339,392
1340,392
1341,392
1342,391
1343,391
1344,391
1345,391
1346,390
1347,390
1348,390
1349,390
1350,390
1351,389
1352,389
1353,389
1354,389
1355,388
1356,388
1357,388
1358,388
1359,387
1360,387
1361,387
1362,387
1363,386
1364,386
1365,386
1366,386
1367,386
1368,385
1369,385
1370,385
1371,385
1372,384
1373,384
1374,384
1375,384
1376,383
1377,383
1378,383
1379,383
1380,382
1381,382
1382,382
1383,382
1384,381
1385,381
1386,381
1387,381
1388,381
1389,380
1390,380
1391,380
1392,380
1393,379
1394,379
1395,379
1396,379
1397,378
1398,378
1399,378
1400,378
1401,377
1402,377
1403,377
1404,377
1405,376
1406,376
1407,376
1408,376
1409,376
1410,375
1411,375
1412,375
1413,375
1414,374
1415,374
1416,374
1417,374
1418,373
1419,373
1420,373
1421,373
1422,372
1423,372
1424,372
1425,372
1426,371
1427,371
1428,371
1429,371
1430,371
1431,370
1432,370
1433,370
1434,370
1435,369
1436,369
1437,369
1438,369
1439,368
1440,368
1441,368
1442,368
1443,367
1444,367
1445,367
1446,367
1447,367
1448,366
1449,366
1450,366
1451,366
1452,365
1453,365
1454,365
1455,365
1456,364
1457,364
1458,364
1459,364
1460,363
1461,363
1462,363
1463,363
1464,362
1465,362
1466,362
1467,362
1468,362
1469,361
1470,361
1471,361
1472,361
1473,360
1474,360
1475,360
1476,360
1477,359
1478,359
1479,359
1480,359
1481,358
1482,358
1483,358
1484,358
1485,357
1486,357
1487,357
1488,357
1489,357
1490,356
1491,356
1492,356
1493,356
1494,355
1495,355
1496,355
1497,355
1498,354
1499,354
1500,354
1501,354
1502,353
1503,353
1504,353
1505,353
1506,352
1507,352
1508,352
1509,352
1510,352
1511,351
1512,351
1513,351
1514,351
1515,350
1516,350
1517,350
1518,350
1519,349
1520,349
1521,349
1522,349
1523,348
1524,348
1525,348
1526,348
1527,348
1528,347
1529,347
1530,347
1531,347
1532,346
1533,346
1534,346
1535,346
1536,345
1537,345
1538,345
1539,345
1540,344
1541,344
1542,344
1543,344
1544,343
1545,343
1546,343
1547,343
1548,343
1549,342
1550,342
1551,342
1552,342
1553,341
1554,341
1555,341
1556,341
1557,340
1558,340
1559,340
1560,340
1561,339
1562,339
1563,339
1564,339
1565,338
1566,338
1567,338
1568,338
1569,338
1570,337
1571,337
1572,337
1573,337
1574,336
1575,336
1576,336
1577,336
1578,335
1579,335
1580,335
1581,335
1582,334
1583,334
1584,334
1585,334
1586,333
1587,333
1588,333
1589,333
1590,333
1591,332
1592,332
1593,332
1594,332
1595,331
1596,331
1597,331
1598,331
1599,330
1600,330
1601,330
1602,330
1603,329
1604,329
1605,329
1606,329
1607,329
1608,328
1609,328
1610,328
1611,328
1612,327
1613,327
1614,327
1615,327
1616,326
1617,326
1618,326
1619,326
1620,325
1621,325
1622,325
1623,325
1624,324
1625,324
1626,324
1627,324
1628,324
1629,323
1630,323
1631,323
1632,323
1633,322
1634,322
1635,322
1636,322
1637,321
1638,321
1639,321
1640,321
1641,320
1642,320
1643,320
1644,320
1645,319
1646,319
1647,319
1648,319
1649,319
1650,318
1651,318
1652,318
1653,318
1654,317
1655,317
1656,317
1657,317
1658,316
1659,316
1660,316
1661,316
1662,315
1663,315
1664,315
1665,315
1666,314
1667,314
1668,314
1669,314
1670,314
1671,313
1672,313
1673,313
1674,313
1675,312
1676,312
1677,312
1678,312
1679,311
1680,311
1681,311
1682,311
1683,310
1684,310
1685,310
1686,310
1687,310
1688,309
1689,309
1690,309
1691,309
1692,308
1693,308
1694,308
1695,308
1696,307
1697,307
1698,307
1699,307
1700,306
1701,306
1702,306
1703,306
1704,305
1705,305
1706,305
1707,305
1708,305
1709,304
1710,304
1711,304
1712,304
1713,303
1714,303
1715,303
1716,303
1717,302
1718,302
1719,302
1720,302
1721,301
1722,301
1723,301
1724,301
1725,300
1726,300
1727,300
1728,300
1729,300
1730,299
1731,299
1732,299
1733,299
1734,299
1735,298
1736,298
1737,298
1738,298
1739,298
1740,297
1741,297
1742,297
1743,297
1744,297
1745,296
1746,296
1747,296
1748,296
1749,296
1750,295
1751,295
1752,295
1753,295
1754,295
1755,294
1756,294
1757,294
1758,294
1759,294
1760,293
1761,293
1762,293
1763,293
1764,293
1765,292
1766,292
1767,292
1768,292
1769,292
1770,291
1771,291
1772,291
1773,291
1774,291
1775,290
1776,290
1777,290
1778,290
1779,290
1780,289
1781,289
1782,289
1783,289
1784,289
1785,288
1786,288
1787,288
1788,288
1789,288
1790,287
1791,287
1792,287
1793,287
1794,287
1795,286
1796,286
1797,286
1798,286
1799,286
1800,285
1801,285
1802,285
1803,285
1804,285
1805,284
1806,284
1807,284
1808,284
1809,284
1810,283
1811,283
1812,283
1813,283
1814,283
1815,282
1816,282
1817,282
1818,282
1819,282
1820,281
1821,281
1822,281
1823,281
1824,281
1825,280
1826,280
1827,280
1828,280
1829,280
1830,279
1831,279
1832,279
1833,279
1834,279
1835,278
1836,278
1837,278
1838,278
1839,278
1840,277
1841,277
1842,277
1843,277
1844,277
1845,276
1846,276
1847,276
1848,276
1849,276
1850,275
1851,275
1852,275
1853,275
1854,275
1855,274
1856,274
1857,274
1858,274
1859,274
1860,273
1861,273
1862,273
1863,273
1864,273
1865,272
1866,272
1867,272
1868,272
1869,272
1870,271
1871,271
1872,271
1873,271
1874,271
1875,270
1876,270
1877,270
1878,270
1879,270
1880,269
1881,269
1882,269
1883,269
1884,269
1885,268
1886,268
1887,268
1888,268
1889,268
1890,267
1891,267
1892,267
1893,267
1894,267
1895,266
1896,266
1897,266
1898,266
1899,266
1900,265
1901,265
1902,265
1903,265
1904,265
1905,264
1906,264
1907,264
1908,264
1909,264
1910,263
1911,263
1912,263
1913,263
1914,263
1915,262
1916,262
1917,262
1918,262
1919,262
1920,261
1921,261
1922,261
1923,261
1924,261
1925,260
1926,260
1927,260
1928,260
1929,260
1930,259
1931,259
1932,259
1933,259
1934,259
1935,258
1936,258
1937,258
1938,258
1939,258
1940,257
1941,257
1942,257
1943,257
1944,257
1945,256
1946,256
1947,256
1948,256
1949,256
1950,255
1951,255
1952,255
1953,255
1954,255
1955,254
1956,254
1957,254
1958,254
1959,254
1960,253
1961,253
1962,253
1963,253
1964,253
1965,252
1966,252
1967,252
1968,252
1969,252
1970,251
1971,251
1972,251
1973,251
1974,251
1975,250
1976,250
1977,250
1978,250
1979,250
1980,250
1981,249
1982,249
1983,249
1984,249
1985,249
1986,248
1987,248
1988,248
1989,248
1990,248
1991,247
1992,247
1993,247
1994,247
1995,247
1996,246
1997,246
1998,246
1999,246
2000,246
2001,245
2002,245
2003,245
2004,245
2005,245
2006,244
2007,244
2008,244
2009,244
2010,244
2011,243
2012,243
2013,243
2014,243
2015,243
2016,242
2017,242
2018,242
2019,242
2020,242
2021,241
2022,241
2023,241
2024,241
2025,241
2026,240
2027,240
2028,240
2029,240
2030,240
2031,239
2032,239
2033,239
2034,239
2035,239
2036,238
2037,238
2038,238
2039,238
2040,238
2041,237
2042,237
2043,237
2044,237
2045,237
2046,236
2047,236
2048,236
2049,236
2050,236
2051,235
2052,235
2053,235
2054,235
2055,235
2056,234
2057,234
2058,234
2059,234
2060,234
2061,233
2062,233
2063,233
2064,233
2065,233
2066,232
2067,232
2068,232
2069,232
2070,232
2071,231
2072,231
2073,231
2074,231
2075,231
2076,230
2077,230
2078,230
2079,230
2080,230
2081,229
2082,229
2083,229
2084,229
2085,229
2086,228
2087,228
2088,228
2089,228
2090,228
2091,227
2092,227
2093,227
2094,227
2095,227
2096,226
2097,226
2098,226
2099,226
2100,226
2101,225
2102,225
2103,225
2104,225
2105,225
2106,224
2107,224
2108,224
2109,224
2110,224
2111,223
2112,223
2113,223
2114,223
2115,223
2116,222
2117,222
2118,222
2119,222
2120,222
2121,221
2122,221
2123,221
2124,221
2125,221
2126,220
2127,220
2128,220
2129,220
2130,220
2131,219
2132,219
2133,219
2134,219
2135,219
2136,218
2137,218
2138,218
2139,218
2140,218
2141,217
2142,217
2143,217
2144,217
2145,217
2146,216
2147,216
2148,216
2149,216
2150,216
2151,215
2152,215
2153,215
2154,215
2155,215
2156,214
2157,214
2158,214
2159,214
2160,214
2161,213
2162,213
2163,213
2164,213
2165,213
2166,212
2167,212
2168,212
2169,212
2170,212
2171,211
2172,211
2173,211
2174,211
2175,211
2176,210
2177,210
2178,210
2179,210
2180,210
2181,209
2182,209
2183,209
2184,209
2185,209
2186,208
2187,208
2188,208
2189,208
2190,208
2191,207
2192,207
2193,207
2194,207
2195,207
2196,206
2197,206
2198,206
2199,206
2200,206
2201,205
2202,205
2203,205
2204,205
2205,205
2206,204
2207,204
2208,204
2209,204
2210,204
2211,203
2212,203
2213,203
2214,203
2215,203
2216,202
2217,202
2218,202
2219,202
2220,202
2221,201
2222,201
2223,201
2224,201
2225,201
2226,200
2227,200
2228,200
2229,200
2230,200
2231,199
2232,199
2233,199
2234,199
2235,199
2236,198
2237,198
2238,198
2239,198
2240,198
2241,197
2242,197
2243,197
2244,197
2245,197
2246,196
2247,196
2248,196
2249,196
2250,196
2251,195
2252,195
2253,195
2254,195
2255,195
2256,194
2257,194
2258,194
2259,194
2260,194
2261,193
2262,193
2263,193
2264,193
2265,193
2266,192
2267,192
2268,192
2269,192
2270,192
2271,191
2272,191
2273,191
2274,191
2275,191
2276,190
2277,190
2278,190
2279,0
2280,0
2281,0
2282,0
2283,0
2284,0
2285,0
2286,0
2287,0
2288,0
2289,0
2290,0
2291,0
2292,0
2293,0
2294,0
2295,0
2296,0
2297,0
2298,0
2299,0
2300,0
2301,0
2302,0
2303,0
2304,0
2305,0
2306,0
2307,0
2308,0
2309,0
2310,0
2311,0
2312,0
2313,0
2314,0
2315,0
2316,0
2317,0
2318,0
2319,0
2320,0
2321,0
2322,0
2323,0
2324,0
2325,0
2326,0
2327,0
2328,0
2329,0
2330,0
2331,0
2332,0
2333,0
2334,0
2335,0
2336,0
2337,0
2338,0
2339,0
2340,0
2341,0
2342,0
2343,0
2344,0
2345,0
2346,0
2347,0
2348,0
2349,0
2350,0
2351,0
2352,0
2353,0
2354,0
2355,0
2356,0
2357,0
2358,0
2359,0
2360,0
2361,0
2362,0
2363,0
2364,0
2365,0
2366,0
2367,0
2368,0
2369,0
2370,0
2371,0
2372,0
2373,0
2374,0
2375,0
2376,0
2377,0
2378,0
2379,0
2380,0
2381,0
2382,0
2383,0
2384,0
2385,0
2386,0
2387,0
2388,0
2389,0
2390,0
2391,0
2392,0
2393,0
2394,0
2395,0
2396,0
2397,0
2398,0
2399,0
2400,0
2401,0
2402,0
2403,0
2404,0
2405,0
2406,0
2407,0
2408,0
2409,0
2410,0
2411,0
2412,0
2413,0
2414,0
2415,0
2416,0
2417,0
2418,0
2419,0
2420,0
2421,0
2422,0
2423,0
2424,0
2425,0
2426,0
2427,0
2428,0
2429,0
2430,0
2431,0
2432,0
2433,0
2434,0
2435,0
2436,0
2437,0
2438,0
2439,0
2440,0
2441,0
2442,0
2443,0
2444,0
2445,0
2446,0
2447,0
2448,0
2449,0
2450,0
2451,0
2452,0
2453,0
2454,0
2455,0
2456,0
2457,0
2458,0
2459,0
2460,0
2461,0
2462,0
2463,0
2464,0
2465,0
2466,0
2467,0
2468,0
2469,0
2470,0
2471,0
2472,0
2473,0
2474,0
2475,0
2476,0
2477,0
2478,0
2479,0
2480,0
2481,0
2482,0
2483,0
2484,0
2485,0
2486,0
2487,0
2488,0
2489,0
2490,0
2491,0
2492,0
2493,0
2494,0
2495,0
2496,0
2497,0
2498,0
2499,0
2500,0
2501,0
2502,0
2503,0
2504,0
2505,0
2506,0
2507,0
2508,0
2509,0
2510,0
2511,0
2512,0
2513,0
2514,0
2515,0
2516,0
2517,0
2518,0
2519,0
2520,0
2521,0
2522,0
2523,0
2524,0
2525,0
2526,0
2527,0
2528,0
2529,0
2530,0
2531,0
2532,0
2533,0
2534,0
2535,0
2536,0
2537,0
2538,0
2539,0
2540,0
2541,0
2542,0
2543,0
2544,0
2545,0
2546,0
2547,0
2548,0
2549,0
2550,0
2551,0
2552,0
2553,0
2554,0
2555,0
2556,0
2557,0
2558,0
2559,0
2560,0
2561,0
2562,0
2563,0
2564,0
2565,0
2566,0
2567,0
2568,0
2569,0
2570,0
2571,0
2572,0
2573,0
2574,0
2575,0
2576,0
2577,0
2578,0
2579,0
2580,0
2581,0
2582,0
2583,0
2584,0
2585,0
2586,0
2587,0
2588,0
2589,0
2590,0
2591,0
2592,0
2593,0
2594,0
2595,0
2596,0
2597,0
2598,0
2599,0
2600,0
2601,0
2602,0
2603,0
2604,0
2605,0
2606,0
2607,0
2608,0
2609,0
2610,0
2611,0
2612,0
2613,0
2614,0
2615,0
2616,0
2617,0
2618,0
2619,0
2620,0
2621,0
2622,0
2623,0
2624,0
2625,0
2626,0
2627,0
2628,0
2629,0
2630,0
2631,0
2632,0
2633,0
2634,0
2635,0
2636,0
2637,0
2638,0
2639,0
2640,0
2641,0
2642,0
2643,0
2644,0
2645,0
2646,0
2647,0
2648,0
2649,0
2650,0
2651,0
2652,0
2653,0
2654,0
2655,0
2656,0
2657,0
2658,0
2659,0
2660,0
2661,0
2662,0
2663,0
2664,0
2665,0
2666,0
2667,0
2668,0
2669,0
2670,0
2671,0
2672,0
2673,0
2674,0
2675,0
2676,0
2677,0
2678,0
2679,0
2680,0
2681,0
2682,0
2683,0
2684,0
2685,0
2686,0
2687,0
2688,0
2689,0
2690,0
2691,0
2692,0
2693,0
2694,0
2695,0
2696,0
2697,0
2698,0
2699,0
2700,0
2701,0
2702,0
2703,0
2704,0
2705,0
2706,0
2707,0
2708,0
2709,0
2710,0
2711,0
2712,0
2713,0
2714,0
2715,0
2716,0
2717,0
2718,0
2719,0
2720,0
2721,0
2722,0
2723,0
2724,0
2725,0
2726,0
2727,0
2728,0
2729,0
2730,0
2731,0
2732,0
2733,0
2734,0
2735,0
2736,0
2737,0
2738,0
2739,0
2740,0
2741,0
2742,0
2743,0
2744,0
2745,0
2746,0
2747,0
2748,0
2749,0
2750,0
2751,0
2752,0
2753,0
2754,0
2755,0
2756,0
2757,0
2758,0
2759,0
2760,0
2761,0
2762,0
2763,0
2764,0
2765,0
2766,0
2767,0
2768,0
2769,0
2770,0
2771,0
2772,0
2773,0
2774,0
2775,0
2776,0
2777,0
2778,0
2779,0
2780,0
2781,0
2782,0
2783,0
2784,0
2785,0
2786,0
2787,0
2788,0
2789,0
2790,0
2791,0
2792,0
2793,0
2794,0
2795,0
2796,0
2797,0
2798,0
2799,0
2800,0
2801,0
2802,0
2803,0
2804,0
2805,0
2806,0
2807,0
2808,0
2809,0
2810,0
2811,0
2812,0
2813,0
2814,0
2815,0
2816,0
2817,0
2818,0
2819,0
2820,0
2821,0
2822,0
2823,0
2824,0
2825,0
2826,0
2827,0
2828,0
2829,0
2830,0
2831,0
2832,0
2833,0
2834,0
2835,0
2836,0
2837,0
2838,0
2839,0
2840,0
2841,0
2842,0
2843,0
2844,0
2845,0
2846,0
2847,0
2848,0
2849,0
2850,0
2851,0
2852,0
2853,0
2854,0
2855,0
2856,0
2857,0
2858,0
2859,0
2860,0
2861,0
2862,0
2863,0
2864,0
2865,0
2866,0
2867,0
2868,0
2869,0
2870,0
2871,0
2872,0
2873,0
2874,0
2875,0
2876,0
2877,0
2878,0
2879,0
2880,0
2881,0
2882,0
2883,0
2884,0
2885,0
2886,0
2887,0
2888,0
2889,0
2890,0
2891,0
2892,0
2893,0
2894,0
2895,0
2896,0
2897,0
2898,0
2899,0
2900,0
2901,0
2902,0
2903,0
2904,0
2905,0
2906,0
2907,0
2908,0
2909,0
2910,0
2911,0
2912,0
2913,0
2914,0
2915,0
2916,0
2917,0
2918,0
2919,0
2920,0
2921,0
2922,0
2923,0
2924,0
2925,0
2926,0
2927,0
2928,0
2929,0
2930,0
2931,0
2932,0
2933,0
2934,0
2935,0
2936,0
2937,0
2938,0
2939,0
2940,0
2941,0
2942,0
2943,0
2944,0
2945,0
2946,0
2947,0
2948,0
2949,0
2950,0
2951,0
2952,0
2953,0
2954,0
2955,0
2956,0
2957,0
2958,0
2959,0
2960,0
2961,0
2962,0
2963,0
2964,0
2965,0
2966,0
2967,0
2968,0
2969,0
2970,0
2971,0
2972,0
2973,0
2974,0
2975,0
2976,0
2977,0
2978,0
2979,0
2980,0
2981,0
2982,0
2983,0
2984,0
2985,0
2986,0
2987,0
2988,0
2989,0
2990,0
2991,0
2992,0
2993,0
2994,0
2995,0
2996,0
2997,0
2998,0
2999,0
3000,0
